####################################
#######        UNITS         #######
####################################

no_tactic;No Tactic;;;;;;;;;;;;x
pursue_tactic;Pursue;;;;;;;;;;;;x
covered_retreat_tactic;Covered Retreat;;;;;;;;;;;;x
disorganised_retreat_tactic;Disorganised Retreat;;;;;;;;;;;;x
organised_retreat_tactic;Organised Retreat;;;;;;;;;;;;x
covered_tactic;Covered Retreat;;;;;;;;;;;;x
partial_encirclement_tactic;Partial Encirclement;;;;;;;;;;;;x
complete_encirclement_tactic;Complete Encirclement;;;;;;;;;;;;x
parthian_retreat_tactic;Parthian Retreat;;;;;;;;;;;;x
mongol_feign_retreat_tactic;Feigned Retreat;;;;;;;;;;;;x
phalanx_feigned_retreat_tactic;Feigned Retreat;;;;;;;;;;;;x
panic_tactic;Panicking;;;;;;;;;;;;x
panicking_elephants_tactic;Panicking Elephants;;;;;;;;;;;;x
panicking_cavalry_tactic;Panicking Cavalry;;;;;;;;;;;;x
hammer_and_anvil_tactic;Hammer and Anvil;;;;;;;;;;;;x
dense_squares_tactic;Hollow Square Formations;;;;;;;;;;;;x
pike_wall_tactic;Pike Wall;;;;;;;;;;;;x
shield_wall_tactic;Shieldwall;;;;;;;;;;;;x
covered_advance_tactic;Covered Advance;;;;;;;;;;;;x
covered_charge_tactic;Covered Charge;;;;;;;;;;;;x
unexpected_charge_tactic;Unexpected Charge;;;;;;;;;;;;x
chaotic_charge_tactic;Chaotic Charge;;;;;;;;;;;;x
quick_charge_tactic;Quick Charge;;;;;;;;;;;;x
wedge_formation_tactic;Wedge Formation;;;;;;;;;;;;x
caracole_tactic;Caracole;;;;;;;;;;;;x
phalanx_tactic;Phalanx;;;;;;;;;;;;x
hammer_blow_tactic;Hammer Blow;;;;;;;;;;;;x
reckless_charge_tactic;Reckless Charge;;;;;;;;;;;;x
aggressive_advance_tactic;Aggressive Advance;;;;;;;;;;;;x
manipular_formation_tactic;Manipular Formation;;;;;;;;;;;;x
general_skirmish_tactic;Skirmish;;;;;;;;;;;;x
general_melee_tactic;Melee;;;;;;;;;;;;x
high_arc_volley_tactic;High-arcing Volleys;;;;;;;;;;;;x
flat_arc_volley_tactic;Flat-arcing Volleys;;;;;;;;;;;;x
free_fire_tactic;Free Fire;;;;;;;;;;;;x
rush_tactic;Rush;;;;;;;;;;;;x
open_column_formation_tactic;Open Column Formations;;;;;;;;;;;;x
wait_tactic;Wait;;;;;;;;;;;;x
testudo_tactic;Testudo Formations;;;;;;;;;;;;x
back_tactic;Slow Back;;;;;;;;;;;;x
slow_advance_tactic;Slow Advance;;;;;;;;;;;;x
breakthrough_tactic;Breakthrough;;;;;;;;;;;;x
firing_through_own_units_tactic;Firing through own units;;;;;;;;;;;;x
hesitant_charge_tactic;Hesitant Charge;;;;;;;;;;;;x
broken_formation_tactic;Broken Formation;;;;;;;;;;;;x
preparing_tactic;Preparing;;;;;;;;;;;;x
ambush_tactic;Ambush;;;;;;;;;;;;x
raid_tactic;Raid;;;;;;;;;;;;x
abandon_formation_tactic;Abandon Formation;;;;;;;;;;;;x
surround_tactic;Surround;;;;;;;;;;;;x
advancing_pike_columns_tactic;Advancing Pike Columns;;;;;;;;;;;;x
crossfire_tactic;Crossfire;;;;;;;;;;;;x
circular_schiltron_formation_tactic;Circular Schiltron Formation;;;;;;;;;;;;x
rectilinear_schiltron_formation_tactic;Rectilinear Schiltron Formation;;;;;;;;;;;;x
harass_tactic;Harass;;;;;;;;;;;;x
keilerkopf_tactic;Keilerkopf Formation;;;;;;;;;;;;x
failed_keilerkopf_tactic;Failed Keilerkopf Formation;;;;;;;;;;;;x
charging_elephants_tactic;Charging Elephants;;;;;;;;;;;;x
devastating_push_tactic;Devastating Push;;;;;;;;;;;;x
confusing_orders_1_tactic;Confusing Orders;;;;;;;;;;;;x
confusing_orders_2_tactic;Confusing Orders;;;;;;;;;;;;x
confusing_orders_3_tactic;Confusion;;;;;;;;;;;;x
unorganised_line_tactic;Unorganised Line;;;;;;;;;;;;x
weak_line_tactic;Weak Line;;;;;;;;;;;;x
unorganised_harass_tactic;Unorganised Harass;;;;;;;;;;;;x
confused_elephants_tactic;Confused Elephants;;;;;;;;;;;;x
last_stand_tactic;Last Stand;;;;;;;;;;;;x
inspired_defense_tactic;Inspired Defense;;;;;;;;;;;;x
charging_through_skirmishers_tactic;Charging through own skirmishers;;;;;;;;;;;;x
unstoppable_harass_tactic;Unstoppable Harass;;;;;;;;;;;;x
scattered_retreat_tactic;Scattered Retreat;;;;;;;;;;;;x
massive_volley_tactic;Massive Longbow Volleys;;;;;;;;;;;;x
farting_tactic;Farting in their general direction;;;;;;;;;;;;x
looting_tactic;Looting corpses;;;;;;;;;;;;x
religious_tactic;Religious Fervor;;;;;;;;;;;;x
covered_retreat;Covered Retreat;;;;;;;;;;;;x
distant_harass_tactic;Distant Harass;;;;;;;;;;;;x
disrupt_tactic;Disrupt;;;;;;;;;;;;x
advance_tactic;Advance;;;;;;;;;;;;x
forced_advance_tactic;Forced Advance;;;;;;;;;;;;x
disorganised_advance_tactic;Disorganised Advance;;;;;;;;;;;;x